BTCUSDT,ETHUSDT,BNBUSDT,XRPUSDT,ADAUSDT,DOGEUSDT,DOTUSDT,UNIUSDT,LINKUSDT,LTCUSDT
19445796759128.766,626854573325.3716,21199550909.59192,58105687.299540475,20889989.567101877,2273369.441154323,58664638.14716204,17628578.65630005,77704897.16104421,3819490705.287774
